warfarin,176
digoxin,176
phenytoin,157
lithium,119
theophylline,115
ketoconazole,107
cimetidine,89
carbamazepine,81
erythromycin,79
aspirin,79
alcohol,78
cyclosporine,75
tricyclic antidepressants,74
NSAIDs,68
methotrexate,61
amiodarone,58
phenobarbital,55
quinidine,54
corticosteroids,54
propranolol,53
rifampin,53
anticoagulants,52
diuretics,51
furosemide,49
contraceptives,48
indinavir,48
barbiturates,46
antacids,45
cisapride,44
Ketoconazole,44
antihistamines,43
Aprepitant,42
ritonavir,41
diltiazem,41
Cimetidine,40
phenothiazines,40
probenecid,39
fluoxetine,39
Phenytoin,39
terfenadine,37
anticoagulant,37
itraconazole,36
Vardenafil,36
thiazide diuretics,35
diazepam,35
valdecoxib,35
benzodiazepines,35
caffeine,35
glyburide,34
alprazolam,34
MAO inhibitors,32
anesthetics,32
insulin,32
Warfarin,31
clonidine,31
fluvoxamine,31
nifedipine,31
allopurinol,30
indomethacin,30
isoniazid,30
Digoxin,29
ACE inhibitors,29
diuretic,29
Lithium,29
clarithromycin,28
INDOCIN,28
antibiotics,28
beta-blockers,28
lovastatin,28
paroxetine,28
TCA,28
verapamil,28
diflunisal,28
valproate,27
digitalis,27
ciprofloxacin,27
midazolam,27
epinephrine,27
Antacids,27
Carbamazepine,26
heparin,26
gabapentin,26
ibuprofen,26
atorvastatin,26
acetaminophen,25
vitamin D,25
hydrochlorothiazide,25
Itraconazole,25
flecainide,25
nelfinavir,25
saquinavir,25
Probenecid,25
TAXOL,25
quinolones,24
Aspirin,24
Felbatol,24
iron,24
Amphetamines,24
citalopram,24
zaleplon,24
SUSTIVA,24
aripiprazole,24
PEGASYS,23
tiagabine,23
VIRACEPT,23
felodipine,23
aluminum,23
triazolam,22
antidepressants,22
CNS depressants,22
tolbutamide,22
bosentan,22
escitalopram,22
ethinyl estradiol,22
alosetron,21
magnesium,21
zalcitabine,21
efavirenz,21
tacrolimus,21
monoamine oxidase inhibitors,21
azithromycin,20
VIOXX,20
felbamate,20
calcium,20
astemizole,20
amphetamines,20
cholestyramine,20
isradipine,20
Anticoagulants,20
ranitidine,20
metformin,20
SSRIs,20
captopril,19
ketoprofen,19
estrogens,19
ethanol,19
omeprazole,19
fluconazole,19
succinylcholine,19
dexamethasone,18
levodopa,18
procainamide,18
reserpine,18
amphotericin B,18
lomefloxacin,18
aminoglycosides,18
Accutane,18
tricyclic antidepressant,18
naproxen,18
nevirapine,18
diclofenac,18
vardenafil,18
ampicillin,18
bupropion,18
enoxacin,17
CRIXIVAN,17
Cholestyramine,17
antacid,17
disopyramide,17
CYP3A4,17
Duloxetine,17
Theophylline,17
rifabutin,17
flurbiprofen,16
didanosine,16
disulfiram,16
haloperidol,16
clozapine,16
AEDs,16
norepinephrine,16
Phenobarbital,16
Rifampin,16
calcium channel blockers,16
sertraline,16
tranquilizers,16
salicylates,16
thiazides,16
Methotrexate,16
Corticosteroids,15
SSRI,15
NIMBEX,15
nitrates,15
Clozapine,15
AMEVIVE,15
Erythromycin,15
Cyclosporine,15
hypoglycemic agents,15
corticosteroid,15
VIDEX,15
sedatives,15
tetracyclines,15
EQUETROTM,14
hormonal contraceptives,14
Alcohol,14
dofetilide,14
aprepitant,14
PRINIVIL,14
azathioprine,14
sucralfate,14
salicylate,14
TIKOSYN,14
Trileptal,14
Furosemide,14
SPRYCEL,14
Amiodarone,14
norethindrone,13
desipramine,13
duloxetine,13
primidone,13
dirithromycin,13
morphine,13
phenylbutazone,13
lidocaine,13
BREVIBLOC,13
macrolide antibiotics,13
Gleevec,13
TORADOL,13
lamivudine,13
Lodine,13
contraceptive,13
nonsteroidal anti-inflammatory drugs,13
sulfonamides,13
enalapril,13
clonazepam,12
beta blockers,12
MHD,12
atenolol,12
dopamine,12
metoprolol,12
celecoxib,12
grepafloxacin,12
beta-adrenergic blocking agents,12
triamterene,12
colestipol hydrochloride,12
levetiracetam,12
amphetamine,12
ergotamine,12
acitretin,12
methadone,12
bumetanide,12
Fluvoxamine,11
TAMBOCOR,11
protease inhibitors,11
nonsteroidal anti-inflammatory agents,11
metoclopramide,11
Mefloquine,11
estrogen,11
cefdinir,11
cerivastatin sodium,11
fulvestrant,11
cisplatin,11
chloroquine,11
propafenone,11
Quinolones,11
ceftibuten,11
potassium-sparing diuretics,11
norfloxacin,11
PROLEUKIN,11
halothane,11
Contraceptives,11
spironolactone,11
vitamin K,11
Nevirapine,11
Indinavir,11
central nervous system depressants,11
Antihistamines,11
Argatroban,11
anagrelide,11
cephalosporins,11
CAMPTOSAR,11
CANCIDAS,10
trimethoprim,10
estazolam,10
eszopiclone,10
guanfacine,10
miconazole,10
BROVANA,10
thioridazine,10
nitroglycerin,10
guanethidine,10
valproic acid,10
ribavirin,10
losartan,10
TCAs,10
CELEBREX,10
loop diuretics,10
glipizide,10
FORADIL,10
acetylsalicylic acid,10
Starlix,10
HMG-CoA reductase inhibitors,10
STADOL NS,10
hypnotics,10
aliskiren,10
folic acid,10
butorphanol,10
hydralazine,10
narcotics,10
Acarbose,10
potassium,10
lorazepam,9
anakinra,9
NovoLog,9
opioids,9
loratadine,9
methyldopa,9
Magnesium,9
Ritonavir,9
Anafranil,9
Tricyclic antidepressants,9
pimozide,9
Thiazides,9
antihypertensive drugs,9
androgens,9
colestipol,9
antipyrine,9
Keppra,9
almotriptan,9
fexofenadine,9
Saquinavir,9
Acetaminophen,9
chlordiazepoxide,9
COPEGUS,9
EXTRANEAL,9
aluminum hydroxide,9
anticonvulsant,9
dihydroergotamine,9
vasodilators,9
sympathomimetics,9
chlorpropamide,9
Sonata,9
labetalol HCl,9
selective serotonin reuptake inhibitors,9
AED,9
coumarin,9
sulfamethoxazole,9
doxorubicin,9
troleandomycin,9
zinc,9
griseofulvin,9
dasatinib,9
imipramine,9
Acetazolamide,9
pentamidine,8
cyclophosphamide,8
famotidine,8
rifampicin,8
tamoxifen,8
steroid,8
Valproate,8
anticonvulsants,8
atazanavir,8
entacapone,8
quinine,8
piperacillin,8
fenoprofen,8
nicotinic acid,8
methylprednisolone,8
nefazodone,8
aminoglycoside,8
dipyridamole,8
anticholinergic,8
sumatriptan,8
proton pump inhibitors,8
Exjade,8
Rifabutin,8
muscle relaxants,8
monoamine oxidase (MAO) inhibitors,8
Bezalip,8
amiloride,8
Amprenavir,8
cardiac glycosides,8
sympathomimetic agents,8
tubocurarine,8
magnesium hydroxide,8
fentanyl,8
ROMAZICON,8
nisoldipine,8
etodolac,8
NSAID,8
Digitalis,8
tetracycline,8
zidovudine,8
dextromethorphan,8
ethosuximide,8
MAO inhibitor,8
amprenavir,8
nitrofurantoin,8
HIVID,8
MAOI,8
amitriptyline,8
adenosine,8
Type 1C antiarrhythmics,8
Maalox,8
clofibrate,8
ALFENTA,7
anticholinergics,7
dexfenfluramine,7
INVIRASE,7
carvedilol,7
aminoglycoside antibiotics,7
ACE-inhibitors,7
oxyphenbutazone,7
lansoprazole,7
anticholinergic drugs,7
Diclofenac,7
atropine,7
combination hormonal contraceptives,7
ENBREL,7
dopamine HCl,7
TRICOR,7
nicardipine,7
isoflurane,7
MAOIs,7
digitoxin,7
L-glutamine,7
esomeprazole,7
Sensipar,7
Ibandronate,7
Naproxen,7
WELLBUTRIN,7
Nalfon,7
MTX,7
dapsone,7
resin,7
ZEBETA,7
Xigris,7
apomorphine,7
antihypertensive agents,7
imatinib,7
beta-blocker,7
methylxanthines,7
EPA,7
lapatinib,7
Neurontin,7
iloprost,7
dihydroergotamine mesylate,7
prednisolone,7
cetirizine,7
CNS depressant drugs,7
coumarin anticoagulants,7
ertapenem,7
sulfapyridine,7
INSPRA,7
pravastatin,7
quinolone,7
D.H.E. 45,7
amantadine,6
Anticonvulsants,6
nortriptyline,6
nicardipine HCl,6
FLOLAN,6
FACTIVE,6
Quinidine,6
bepridil hydrochloride,6
doxycycline,6
Diuretics,6
Fluconazole,6
simvastatin,6
vitamin D analogues,6
propoxyphene,6
TRACLEER,6
rofecoxib,6
enflurane,6
hydroxyurea,6
baclofen,6
Ethanol,6
hydrocodone,6
gemfibrozil,6
cefditoren pivoxil,6
Angiomax,6
eplerenone,6
fexofenadine hydrochloride,6
PHENYTOIN,6
sulfinpyrazone,6
finasteride,6
Benzodiazepines,6
capecitabine,6
ARAVA,6
Didanosine,6
Glyburide,6
Antiarrhythmics,6
Tagamet,6
Ibuprofen,6
Bosentan,6
antipsychotics,6
Hydrochlorothiazide,6
epirubicin,6
leflunomide,6
Lapatinib,6
meclofenamate sodium,6
butyrophenones,6
Nelfinavir,6
iodine,6
chlorpromazine,6
Methadone,6
doxazosin,6
chloramphenicol,6
calcitriol,6
sympathomimetic drugs,6
sulfonylureas,6
Clarithromycin,6
nonhormonal contraceptive product,6
Antibiotics,6
Cerubidine,6
Fluoxetine,6
Bezalip retard,6
Heparin,6
REVIA,6
dicumarol,6
Ethinyl estradiol,6
Hypoglycemics,6
penicillin,6
steroids,6
antiarrhythmics,6
fibrates,6
ACE inhibitor,6
Isoniazid,6
Vitamin D,6
vitamin C,6
sulfasalazine,6
LEXAPRO,6
delavirdine,6
ethacrynic acid,6
bexarotene,6
Fentanyl,6
mefenamic acid,6
gentamicin,6
HCTZ,6
vitamin B12,6
NUROMAX,6
OMNICEF,5
dextran,5
chlorprothixene,5
Propranolol,5
IRESSA,5
diazoxide,5
selegiline,5
Sucralfate,5
tricyclics,5
sulfonylurea,5
5-HT1 agonists,5
ORENCIA,5
foscarnet,5
Soriatane,5
fenofibrate,5
Fulvestrant,5
Videx,5
Monoamine Oxidase Inhibitors,5
nitroprusside,5
oxcarbazepine,5
aminophylline,5
polymyxins,5
cephalexin,5
5-fluorouracil,5
cephalosporin antibiotics,5
mercaptopurine,5
thyroid hormone,5
SMX,5
Paroxetine,5
ethambutol,5
hydrodolasetron,5
TARCEVA,5
azole antifungals,5
leucovorin,5
Norpace,5
vitamin K antagonists,5
Enoxacin,5
metronidazole,5
multivitamins,5
Beta-blockers,5
Omeprazole,5
Plenaxis,5
pseudoephedrine,5
progestins,5
antiepileptic drugs,5
Insulin,5
Cerebyx,5
albendazole,5
Atromid-S,5
diltiazem hydrochloride,5
lenalidomide,5
antihypertensives,5
chloral hydrate,5
Indomethacin,5
Anagrelide,5
aminosalicylic acid,5
cyclosporin,5
coumarin-type anticoagulants,5
anastrozole,5
ketorolac,5
bronchodilators,5
TMP,5
irinotecan,5
nalidixic acid,5
thyroid products,5
Terfenadine,5
Activase,5
Caffeine,5
serotonergic agents,5
alfentanil,5
Antiepileptic Drugs,5
NIZORAL,5
opioid,5
ELLENCE,5
glucocorticoids,5
AVASTIN,5
salicylic acid,5
Isocarboxazid,5
ACTH,5
BEXTRA,5
buprenorphine,5
Cephalosporins,5
hypoglycemics,5
ethchlorvynol,5
warfarin sodium,5
Lotensin,5
GABITRIL,5
narcotic analgesics,5
heparin sodium,5
Valdecoxib,5
stavudine,5
H2 blockers,5
codeine,5
ciclesonide,5
drugs,5
caspofungin,5
MEPRON,5
Simulect,5
Calcium,5
Allopurinol,5
beta-blocking agents,5
Ranitidine,5
Acamprosate,5
propofol,4
d-amphetamine,4
erlotinib,4
L-arginine,4
Flurbiprofen,4
Beta-adrenergic blocking agents,4
carbonic anhydrase inhibitors,4
Sumatriptan,4
coumarins,4
catecholamines,4
HUMIRA,4
Aripiprazole,4
resins,4
heroin,4
sulindac,4
alpha-blockers,4
antidiabetic drug,4
somatropin,4
levothyroxine sodium,4
fat soluble vitamins,4
agents with b-blocking properties,4
psychotropic drugs,4
Efavirenz,4
Ribavirin,4
prochlorperazine,4
Estrogens,4
thyroid hormones,4
FORTOVASE,4
CMI,4
AMICAR,4
DURAGESIC,4
TYSABRI,4
des-ciclesonide,4
COREG,4
cerivastatin,4
flumazenil,4
chlorthalidone,4
venlafaxine,4
AVONEX,4
opiates,4
ceftazidime,4
etoposide,4
vecuronium,4
Loratadine,4
Verapamil,4
Tiagabine,4
cinoxacin,4
Proquin XR,4
levothyroxine,4
MICRONASE,4
decitabine,4
antiarrhythmic,4
fosinopril sodium,4
TRACRIUM,4
amoxicillin,4
Chlorpromazine,4
nimodipine,4
ganciclovir,4
Antihypertensives,4
Coly-Mycin M,4
mycophenolate mofetil,4
kaolin,4
calcium antagonist,4
Rebif,4
Epinephrine,4
bromocriptine mesylate,4
lamotrigine,4
Antidiabetic drugs,4
buspirone,4
irbesartan,4
dihydropyridine calcium channel blockers,4
antiarrhythmic agents,4
meperidine,4
antithrombin III,4
ZYVOX,4
dolasetron,4
ondansetron,4
topiramate,4
terazosin,4
desloratadine,4
Potassium-sparing diuretics,4
ibandronate,4
BUSULFEX,4
non-steroidal anti-inflammatory drugs,4
Corticotropin,4
Morphine,4
chlorothiazide,4
busulfan,4
COPAXONE,4
DynaCirc,4
albuterol,4
AUGMENTIN XR,4
FOSCAVIR,4
veratrum alkaloids,4
Phenothiazines,4
interleukin-2,4
budesonide,4
Diltiazem,4
Tolbutamide,4
Betaseron,4
RAPTIVA,4
Adrenergic blockers,4
non-steroidal anti-inflammatory agents,4
DIABINESE,4
Haloperidol,4
R-warfarin,4
AXERT,4
buspirone HCl,4
progestin,4
clindamycin,4
fosinopril,4
dobutamine,4
flucytosine,4
nicotine,4
Cisapride,4
Adenocard,4
neomycin,4
naratriptan,4
Levo-Dromoran,4
PRECEDEX,4
lopinavir,4
thrombolytics,4
etanercept,4
atomoxetine,4
thyroid,4
penicillins,4
danazol,4
fosphenytoin,4
benzodiazepine,4
paclitaxel,4
methylphenidate,4
digitalis preparations,4
Antidepressants,4
WelChol,4
promethazine,4
arbutamine,4
analgesics,4
Atorvastatin,4
levobupivacaine,4
antineoplastic agents,4
isoproterenol,4
tricyclic,4
blood thinner,4
Bepridil,4
hexobarbital,4
ABILIFY,4
SUBUTEX,4
digitalis glycosides,4
Aminoglutethimide,4
Chlorthalidone,3
Colchicine,3
FROVA,3
calcium antagonists,3
piperazine,3
vitamins,3
anesthetic,3
sedative-hypnotics,3
fondaparinux sodium,3
ZDV,3
Nifedipine,3
Diuretic agents,3
antianxiety agents,3
diphenidol,3
ARIMIDEX,3
Flupenthixol,3
doxepin,3
Tylenol,3
FASLODEX,3
Ponstel,3
Methenamine,3
brinzolamide,3
vasopressor drugs,3
lithium carbonate,3
INAPSINE,3
HMG-CoA reductase inhibitor,3
Clonazepam,3
SUBOXONE,3
coumarin-derivative anticoagulants,3
Dextromethorphan,3
progesterone,3
amitriptyline HCl,3
idoxuridine,3
HEXALEN,3
Dexamethasone,3
Norethindrone,3
Cardiac glycosides,3
glimepiride,3
methenamine,3
gold,3
b-lactam antibiotics,3
protease inhibitor,3
hydroxybupropion,3
Ketoprofen,3
Digitalis glycosides,3
etomidate,3
Gabapentin,3
ELSPAR,3
bepridil,3
L-phenylalanine,3
Zidovudine,3
phenelzine,3
non-steroidal anti-inflammatory agent,3
ibutilide,3
telithromycin,3
Nonsteroidal anti-inflammatory agents,3
CHOLESTYRAMINE,3
Eprosartan,3
anticholinergic agents,3
sirolimus,3
Diazepam,3
tamsulosin,3
VELCADE,3
Bretylium Tosylate,3
loxapine,3
Ketamine,3
Maalox TC,3
Estrogen,3
methysergide,3
COLESTID,3
albendazole sulfoxide,3
angiotensin converting enzyme inhibitors,3
amikacin,3
Barbiturates,3
pralidoxime,3
antiretroviral,3
ATROVENT,3
angiotensin II receptor antagonists,3
Esomeprazole,3
bromocriptine,3
Clonidine,3
apraclonidine,3
phenytoin sodium,3
ethionamide,3
praziquantel,3
interferon-alfa,3
niacin,3
prednisone,3
ALPHAGAN P,3
NovoSeven,3
Skeletal muscle relaxants,3
pyrimethamine,3
bismuth subsalicylate,3
beta adrenergic blocking agents,3
fenofibric acid,3
TRANXENE,3
Enalapril,3
beta blocker,3
Disulfiram,3
antihypertensive,3
fosinoprilat,3
Anastrozole,3
Triazolam,3
diethylpropion,3
Colestipol,3
CYP2D6,3
H2 Blockers,3
anesthetic solutions,3
fenoldopam,3
vitamin A,3
vancomycin,3
psychotropic medications,3
Ergotamine,3
granisetron,3
Dantrium,3
ganglionic blocking agents,3
Vitamin D2,3
Chirocaine,3
tramadol,3
Calcitriol,3
quinolone antibiotics,3
Norepinephrine,3
Fondaparinux,3
Lopinavir,3
DIFFERIN,3
STRATTERA,3
HALDOL,3
Orudis,3
Tegretol,3
temazepam,3
ergot-type medications,3
DIAMOX,3
MAO Inhibitors,3
coumarin anticoagulant,3
Nicotine,3
dopa decarboxylase inhibitor,3
sedative,3
ENABLEX,3
Tricyclic Antidepressants,3
enalaprilat,3
amlodipine,3
lactulose,3
H2-antagonists,3
Natrecor,3
Dofetilide,3
fluphenazine,3
antidiabetic agents,3
Cerivastatin,3
psychotropics,3
HIV protease inhibitors,3
glutethimide,3
Aliskiren,3
cefoxitin,3
piroxicam,3
levonorgestrel,3
skeletal muscle relaxants,3
Pentamidine,3
Femara,3
LEVSIN,3
VISTIDE,3
retinoids,3
gefitinib,3
Androgens,3
Carbimazole,3
Lansoprazole,3
doxapram,3
oxytocic agents,3
Sedatives,3
Propoxyphene,3
Nitrates,3
neuromuscular blocking agents,3
acamprosate,3
azole antifungal agents,3
Cyclophosphamide,3
PAH,3
cyclosporine A,3
Antacid,3
Panretin,3
anticholinesterase agents,3
pyridoxine,3
Amphotericin B,3
Antizol,3
Isoflurane,3
propantheline,3
terbutaline,3
SULAR,3
carbidopa,3
Lovastatin,3
Rofecoxib,3
debrisoquin,3
calcium channel blocking drugs,3
Antipyrine,3
lincomycin,3
Dasatinib,3
Dicumarol,3
Anticholinergic agents,3
CEFOTAN,3
ergonovine,3
dopamine antagonists,3
Abciximab,3
uricosuric agents,3
Calcidiol,3
cevimeline,3
ketorolac tromethamine,3
cilostazol,3
Ortho-Novum,3
PEGANONE,3
nonsteroidal anti-inflammatory drug,3
Niacin,3
ACE Inhibitors,3
voriconazole,3
Alprazolam,3
Dilantin,3
nilutamide,3
cholinesterase inhibitors,3
Cevimeline,3
antidiabetic drugs,3
Antifungals,3
Anesthetics,3
deferasirox,3
HMG-CoA Reductase Inhibitors,3
Metformin,3
gemifloxacin,3
S-warfarin,3
disopyramide phosphate,3
dantrolene sodium,3
Vitamin D3,3
atovaquone,3
BARACLUDE,3
entecavir,3
Lithium carbonate,3
DEET,3
Lamivudine,3
Rocaltrol,3
FLUOTHANE,3
DISULFIRAM,3
Kineret,3
hydrocortisone,3
risperidone,3
Levetiracetam,3
eprosartan,3
ergot-type oxytocic drugs,3
beta-agonists,3
fluvoxamine maleate,3
immunosuppressants,3
botulinum toxin,3
Cyclosporin,3
DOXIL,3
6MNA,3
furazolidone,2
Non-steroidal Anti-inflammatory Agents,2
narcotic analgesic,2
aminoglutethimide,2
Valproic acid,2
glucagon,2
BETAGAN,2
serotoninergic agents,2
ferrous sulfate,2
Fexofenadine,2
ZINECARD,2
Antineoplastic agents,2
acyclovir,2
naproxen sodium,2
acebutolol,2
beta-adrenergic blockers,2
Beta-adrenergic Blocking Agents,2
S(-) warfarin,2
SINEQUAN,2
tenofovir disoproxil fumarate,2
encainide,2
dantrolene,2
Selective serotonin reuptake inhibitors,2
Ketorolac,2
Proton Pump Inhibitors,2
sodium bicarbonate,2
toxin,2
Nimotop,2
adrenocortical steroids,2
Antabuse,2
sparfloxacin,2
psychotropic agents,2
OXC,2
Beta Blockers,2
Auranofin,2
Meclofenamate sodium,2
bacitracin,2
nitroferricyanide,2
influenza virus vaccine,2
MONUROL,2
Albendazole sulfoxide,2
zinc insulin,2
adrenergic agonists,2
Factrel,2
coumarin derivatives,2
sodium nitroprusside,2
neomycin sulfate,2
Histamine H2-receptor antagonists,2
Theo-Dur,2
FLEXERIL,2
insulins,2
phenyramidol,2
antiretroviral agents,2
Alosetron,2
Cytokines,2
fondaparinux,2
phenformin,2
curare-like compounds,2
zopiclone,2
Diuretic,2
cinacalcet,2
doxylamine,2
Dolasetron,2
cefprozil,2
TENORMIN,2
dapsone hydroxylamine,2
MIDAMOR,2
theobromine,2
peginterferon,2
antidepressant,2
"short-acting, inhaled beta2-agonists",2
meprobamate,2
Finasteride,2
imidazoles,2
Orlistat,2
Hypnotics,2
anesthetic agents,2
antiplatelet agents,2
Cordarone,2
Griseofulvin,2
cinchophen,2
beta-adrenoceptor blocking agents,2
anabolic steroids,2
statin,2
nitrous oxide,2
exemestane,2
antacid preparations,2
vaccines,2
naltrexone,2
octreotide,2
thiazide diuretic,2
asparaginase,2
Antimycobacterial Agents,2
Angiotensin II Receptor Antagonists,2
adrenaline,2
thiazide-type diuretics,2
Doxazosin mesylate,2
Chloramphenicol,2
UROXATRAL,2
oxytocic drugs,2
dextrothyroxine,2
TRISENOX,2
imidazole,2
Omniscan,2
mecamylamine,2
sympathomimetic bronchodilators,2
Antithrombotics,2
ethyl alcohol,2
beta-blocking agent,2
H2 antagonists,2
Hydrocodone,2
sulphonylureas,2
daptomycin,2
Marplan,2
LEUSTATIN,2
Imitrex,2
zileuton,2
Estazolam,2
Antithyroid agents,2
PLENDIL,2
penciclovir,2
corticotropin,2
prolonged narcotics,2
magnesium trisilicate,2
fibrinogen,2
nondepolarizing muscle relaxants,2
tricyclic antidepressant agent,2
Anticholinergics,2
sodium acid phosphate,2
MAOI antidepressants,2
Campath,2
nadolol,2
N-desmethyldiazepam,2
Rifampicin,2
Veratrum alkaloids,2
Protease inhibitors,2
Simvastatin,2
bezafibrate,2
interleukin-1 antagonist,2
CLOLAR,2
Doxorubicin,2
triclofos sodium,2
phosphate,2
acidifying agents,2
neuroleptic,2
interferon beta-1a,2
tranylcypromine,2
opioid analgesics,2
Thorazine,2
AZOPT,2
TAXOTERE,2
Chlorpropamide,2
Vitamin A,2
synthetic estrogens,2
diphenhydramine,2
HIV Protease Inhibitors,2
Selegiline,2
clofarabine,2
labetalol,2
sildenafil,2
cyclopropane,2
Amantadine,2
nonsteroidal anti-inflammatory,2
tricyclic anti-depressants,2
Beta blockers,2
alendronate,2
formoterol,2
central nervous system (CNS) depressants,2
quinolone class,2
Potassium-Sparing Diuretics,2
non-potassium sparing diuretics,2
phenothiazine,2
REGRANEX,2
combined hormonal contraceptives,2
Levodopa,2
Azithromycin,2
Primidone,2
Mylotarg,2
isocarboxazid,2
Antidiabetic Agents,2
fat-soluble vitamins,2
salbutamol,2
Anabolic steroids,2
halogenated hydrocarbon anesthetics,2
Meperidine,2
statins,2
vasopressor,2
Diflunisal,2
NRTIs,2
Phospholine Iodide,2
Antidiabetics,2
neuroleptics,2
ERBITUX,2
TYKERB,2
L-histidine,2
antifungal agents,2
Hypoglycemic Agents,2
Tadalafil,2
Vaccines,2
Aminosalicylic acid,2
cephalothin,2
NPH human insulin,2
acenocoumarol,2
Coumarin Anticoagulants,2
nitazoxanide,2
thyroid preparations,2
cefotetan,2
Pronestyl,2
nondepolarizing neuromuscular blocking agents,2
Labetalol HCl,2
sympathomimetic amines,2
levorphanol,2
bitolterol,2
Calcium Channel Blockers,2
PPIs,2
3-Hydroxydesloratadine,2
colchicine,2
Dexbrompheniramine,2
Phenylbutazone,2
iron supplement,2
tricyclic antidepressant class,2
Gold,2
ERGOMAR,2
thyroid drugs,2
progestogens,2
ifosfamide,2
ZEVALIN,2
loracarbef,2
Grepafloxacin,2
Valium,2
procarbazine,2
perphenazine,2
Ethopropazine,2
quinolone antimicrobial,2
chymotrypsin,2
fenbufen,2
pargyline,2
diphenoxylate,2
Aminoglycosides,2
Tetracycline,2
oxazepam,2
Thiazide diuretics,2
SN38,2
Sildenafil,2
Uricosuric Agents,2
ammonium chloride,2
Desloratadine,2
anticoagulants of the coumarin type,2
Protease Inhibitors,2
lisinopril,2
psychoactive drugs,2
desethylamiodarone,2
Ethosuximide,2
macrolides,2
tranylcypromine sulfate,2
Non-nucleoside reverse transcriptase inhibitors,2
antacid products,2
opiate,2
Prelone,2
H 2 -receptor antagonists,2
Ganciclovir,2
desflurane,2
CASODEX,2
sex steroids,2
SUPRAX,2
phenprocoumon,2
ALLEGRA,2
Fenbufen,2
pyrazolones,2
Phenergan,2
VASOTEC,2
Nabilone,2
dorzolamide,2
Amitriptyline,2
Multivitamins,2
Dipyridamole,2
botulinum neurotoxin,2
paraldehyde,2
Monoamine oxidase (MAO) inhibitors,2
glibenclamide,2
TNF blocking agents,2
Desmopressin,2
INOmax,2
Metoclopramide,2
folic acid antagonists,2
ketamine,2
fibrate,2
etretinate,2
oxolinic acid,2
Salicylate,2
Adenosine,2
Lofexidine,2
enfuvirtide,2
ramipril,2
antidiabetics,2
Kerlone,2
doxazosin mesylate,2
potassium chloride,2
fosfomycin,2
Iron,2
sympathomimetic,2
Nonsteroidal Anti-Inflammatory Drugs,2
nizatidine,2
alpha-adrenergic blocking agents,2
RESIN,2
dehydroaripiprazole,2
procaine,2
Enflurane,2
Ampicillin,2
phenelzine sulfate,2
Nardil,2
Beta-Blockers,2
Sporanox,2
Hormonal Contraceptives,2
ergot derivatives,2
Parnate,2
Nitrofurantoin,2
Angiotensin Converting Enzyme (ACE) inhibitors,2
somatostatin analog,2
penicillamine,2
Calcium channel blockers,2
EDECRIN,2
bromelains,2
LEVULAN KERASTICK,2
valsartan,2
Salicylates,2
calcium channel antagonists,2
immunosuppressive drugs,2
bile acid binding resin,2
dyphylline,2
Targretin,2
halofantrine,2
carbamazepine epoxide,2
PIPRACIL,2
oxygen,2
Interferon beta,2
olanzapine,2
muscle relaxant,2
Albuterol,2
Eszopiclone,2
dexrazoxane,2
Leucovorin,2
Mercaptopurine,2
protriptyline,2
bacteriostatic antibiotic,2
5-FU,2
APOKYN,2
Citalopram,2
nabumetone,2
Compazine,2
ARB,2
Non-steroidal Anti-inflammatory Drugs,2
threohydrobupropion,2
Antimycobacterial agents,2
Folic acid,2
penicillin G,2
Descarboethoxyloratadine,2
methylergonovine,2
Zalcitabine,2
vinblastine,2
centrally acting drugs,2
PLETAL,2
isosorbide dinitrate,2
Immunosuppressants,2
phenothiazine derivatives,2
descarboethoxyloratadine,2
Anticholinesterases,2
tobramycin,2
Nydrazid,2
Ephedrine,2
calcium-channel blockers,2
alefacept,2
oxipurinol,2
Purinethol,2
Opioids,2
ACEI,2
Cromolyn sodium,2
glatiramer acetate,2
Diphenhydramine,2
levamisole hydrochloride,2
cefazolin,2
Etodolac,2
Nizoral,2
TNF antagonists,2
nitrites,2
Lorazepam,2
linezolid,2
Trecator,2
Anticholinergic drugs,2
dopamine agonists,2
amphotericin,2
ascorbic acid,2
CYP2C9,2
pentoxifylline,2
nasal vasoconstrictor,2
IOPIDINE,2
milrinone,2
platelet inhibitors,2
ergot,2
Robinul,2
colistin,2
immunosuppressive,2
Vitrasert,2
emetic,2
lymecycline,2
nateglinide,2
hydroxychloroquine,2
vasopressors,2
vinorelbine,2
Potassium,2
antipsychotic agents,2
resorcinol,2
ergot alkaloids,2
LODOSYN,2
live vaccines,2
combined oral contraceptives,2
oxymetholone,2
Vitamin K,2
ethinylestradiol,2
Captopril,2
Aleve,2
isosorbide mononitrate,2
potassium sparing diuretics,2
antihypertensive medications,2
NNRTIs,2
Celexa,2
serotonin reuptake inhibitors,2
sulfonamide antibiotics,2
Prolixin,2
Oxcarbazepine,2
Tetracyclines,2
Midazolam,2
gestodene,2
progestational contraceptives,2
chlorpheniramine,2
anticonvulsant agents,1
Antifungal,1
synthetic steroids,1
aminopyrine,1
tolazamide,1
Digitalis Glycosides,1
alpha interferon,1
anileridine,1
azole antifungal,1
Macrolides,1
erythromycins,1
trihexyphenidyl,1
N-desmethylclozapine,1
long-acting benzodiazepine,1
immunosuppressant agents,1
L-methionine,1
ergocalciferol,1
nonbarbiturate hypnotics,1
Catecholamine-depleting drugs,1
benzodiazepine class,1
Maprotiline,1
iodoquinol,1
5HT3 Antagonists,1
amyl nitrite,1
Potassium-depleting diuretics,1
sodium iodide I131,1
MEVACOR,1
desmethylastermizole,1
dezocine,1
Orasone,1
antiestrogen,1
fibric acid derivatives,1
Mineral Oil,1
co-trimoxazole,1
Rifadin,1
thyroid preparation,1
EMTRIVA,1
Anakinra,1
multivitamin preparations,1
methsuximide,1
Insulins,1
Systemic Corticosteroids,1
live attenuated vaccines,1
xanthine bronchodilators,1
FLUDARA,1
non-steroidal anti-inflammatory drug,1
beta-adrenergic receptor blockers,1
fluvastatin,1
dipyrone,1
monoamine oxidase inhibitor,1
Lanoxin,1
Methionine,1
Bentiromide,1
thalidomide,1
WARFARIN,1
Indocyanine green,1
Chlorotrianisene,1
anticholinesterases,1
cannabinoids,1
Celecoxib,1
pegylated interferon alfa-2a,1
t1,1
anticoagulant medication,1
tazobactam,1
diphenoxylate hydrochloride,1
Mellaril,1
antithrombotic agent,1
cephalosporin,1
Coumadin,1
Dopamine,1
Ancobon,1
hypnotic agent,1
Synkayvite,1
antigout medications,1
T4,1
para-aminobenzoic acid,1
Anticoagulant,1
Ethoxzolamide,1
warfarin-type anticoagulant,1
non-selective MAO inhibitors,1
Carbidopa,1
butenafine HCl,1
Zimelidine,1
Nitroglycerin,1
imidazole compounds,1
3-hydroxydesloratadine,1
vitamin B-12,1
anticonvulsant drugs,1
Narcotic analgesics,1
Deferasirox,1
Anti-HIV protease inhibitors,1
Myochrysine,1
anti-inflammatory,1
ETHANOL,1
Calcium Antagonist,1
Medroxyprogesterone Acetate,1
Pimozide,1
anticholinergic agent,1
Nicotinic acid,1
carbachol,1
Eplerenone,1
Clofibric acid,1
organic nitrates,1
Furazolidone,1
Medrol,1
PROSCAR,1
S- warfarin,1
alpha-blocker,1
contraceptive product,1
Nicardipine HCl,1
volatile inhalation anesthetics,1
Levofloxacin,1
unfractionated heparin,1
nicotinamide,1
EMCYT,1
S warfarin,1
Chloral hydrate,1
estrogen-containing compounds,1
fluoroquinolone antibiotic,1
Matulane,1
6-thiouric acid,1
Sedative,1
aluminum hydoxide,1
HEMABATE,1
p-aminosalicylic acid,1
Aldomet,1
angiotensin-converting enzyme inhibitors,1
major tranquilizers,1
anti platelet agents,1
warfarin-type anticoagulants,1
Vasoconstrictors,1
metrizamide,1
angiotensin-converting enzyme (ACE) inhibitors,1
organophosphate insecticide,1
PABA,1
REVLIMID,1
pentazocine,1
"carbamazepine 10, 11 epoxide",1
Central nervous system depressant,1
Pyrazolone Derivatives,1
mesoridazine,1
Floxuridine,1
Anaprox,1
Beta-adrenergic receptor antagonists,1
sulfonamide,1
Sulfacetamide,1
norethindrone acetate,1
glucocorticoid,1
HMG-CoA Reductase Inhibitor,1
nortriptyline hydrochloride,1
Stavudine,1
adrenal corticosteroids,1
clofazimine,1
Immunosuppressive Drugs,1
mitoxantrone,1
dolasetron mesylate,1
Nuprin,1
dialysis solutions,1
ANTACID,1
calcium channel,1
gold medication,1
retinoid,1
eptifibatide,1
Procainamide,1
thimerosal,1
Combination hormonal contraceptives,1
neuroleptic drugs,1
L-tyrosine,1
thiocyanate,1
Linezolid,1
sodium polystyrene sulfonate,1
anticholinesterase drugs,1
Ethinyl Estradiol,1
fluorouracil,1
Naltrexone,1
hypoglycemic,1
para-aminosalicylic acid,1
psychotropic drug,1
Human growth hormone,1
Tizoxanide,1
copper sulfate,1
skeletal-muscle relaxants,1
Imuran,1
anti-neoplastic agents,1
Gastrointestinal acidifying agents,1
3-hydroxy levobupivacaine,1
Arecoline,1
L-tryptophan,1
Cyclosporine A,1
calcium channel-blockers,1
cardioselective beta-blockers,1
beta-adrenergic receptor blocking agents,1
decamethonium,1
Aminophylline,1
human growth hormone,1
Stelazine,1
Dihydroergotamine,1
Clonidine hydrochloride,1
Chloromycetin,1
DIGOXIN,1
calcium channel blocker,1
nonsteroial anti-inflammatory drugs,1
cefditoren,1
calcium acetate,1
netilmicin,1
vitamin D preparations,1
MAO-inhibitors,1
oxaprozin,1
desbutyl levobupivacaine,1
Antihypertensive,1
Tegison,1
altretamine,1
Azulfidine,1
Kadian,1
Cocaine,1
OCs,1
Arthropan,1
Steroids,1
ETOPOPHOS,1
non-depolarising muscle relaxant,1
warfarin anticoagulants,1
ethinamate,1
cefamandole naftate,1
NEUPOGEN,1
potassium-depleting diuretics,1
anticholinesterase,1
dicyclomine,1
Triamterene,1
gallamine,1
Azathioprine,1
pentostatin,1
b-lactams,1
Neuroleptic,1
pertechnetate,1
Anti-arrhythmics,1
doxorubicin HCL,1
scopolamine,1
antiretroviral nucleoside analogues,1
live-attenuated vaccines,1
flupenthixol,1
Depakote,1
Dolasetron mesylate,1
carbenicillin indanyl sodium,1
oxytocics,1
Methyldopa,1
Gemfibrozil,1
Nateglinide,1
Bromocriptine mesylate,1
Thyroxine,1
zonisamide,1
Guanethidine,1
Acetylsalicylic acid,1
non-steroidal antiinflammatory drugs,1
steroidal anti-inflammatory agent,1
buspirone hydrochloride,1
cytostatic agent,1
Clomipramine HCl,1
serotonin reuptake inhibitor drug,1
Agenerase,1
norfluoxetine,1
Valproic Acid,1
muscle relaxant drugs,1
Peganone,1
selective serotonin reuptake inhibitor,1
Cardiac Glycosides,1
decongestants,1
coagulation factor,1
beta-adrenergic blocking drug,1
histamine H2 receptor antagonist,1
antihyperlipidemics,1
kanamycin,1
cefotaxime sodium,1
mirtazapine,1
latanoprost,1
moclobemide,1
5-HT1B/1D Agonists,1
aminoglycosidic antibiotics,1
Chloroquine,1
clomiphene citrate,1
antihypertensive compounds,1
Irinotecan,1
TNF-blocking agents,1
Protease inhibitor,1
acetazolamide,1
angiotensin-converting enzyme inhibitor,1
antidiabetic agent,1
nitrogen mustard,1
Vesprin,1
5-oxo-desethylzaleplon,1
ERGAMISOL,1
anticoagulants of the warfarin type,1
ganglionic peripheral adrenergic blocking drugs,1
divalproex sodium,1
penicillin V,1
Nizatidine,1
Mentax,1
Losartan,1
Exemestane,1
phenylpropanolamine,1
Beta-blocking Agents,1
Orudis KT,1
Trilafon,1
frovatriptan,1
nonsteroidal antiinflammatory agents,1
antidepressants of the MAO inhibitor class,1
antidepressant drugs,1
Dopamine D2 receptor antagonists,1
Ergot,1
dopa-decarboxylase inhibitor,1
triflupromazine,1
salsalate,1
beta-adrenergic-blocking agents,1
Temaril,1
oxacillin,1
Mithracin,1
antidiabetic products,1
MS Contin,1
Boric acid,1
angiotensin- converting enzyme (ACE) inhibitors,1
Hydroxychloroquine,1
Dactinomycin,1
prilocaine,1
Ergot-Containing Drugs,1
ACZONE,1
thioxanthines,1
boric acid,1
Charcoal,1
oxandrolone,1
6-mercaptopurine,1
COLESTlD,1
R warfarin,1
Winstrol,1
anti-anxiety drugs,1
olprinone,1
Imipramine hydrochloride,1
Acetohydroxamic acid,1
azoles,1
ANTICOAGULANTS,1
Lipitor,1
antiarrhythmic agent,1
ethotoin,1
Bile acid binding resins,1
INH,1
Non-selective monoamine oxidase (MAO) inhibitors,1
photosensitizing agents,1
zafirlukast,1
6-deoxy penciclovir,1
Divalproex,1
CENTRAL NERVOUS SYSTEM DEPRESSANTS,1
non-depolarizing muscle relaxants,1
propanolol,1
Monoamine oxidase inhibitors,1
Sparine,1
Cyclopentolate,1
Anti-HIV Reverse Transcriptase Inhibitors,1
Mineral oil,1
hypnotic,1
Non-steroidal anti-inflammatory drugs,1
TNF antagonist,1
thiothixene,1
quetiapine,1
bleomycin,1
Antihypertensive Medication,1
Nonsteroidal Anti-inflammatory Drugs,1
Bexarotene,1
fluoxetine hydrochloride,1
sodium colistemethate,1
5-HT3 antiemetics,1
Calcium channel blocking agents,1
nafcillin,1
Bactrim,1
interferon,1
antiparkinsonian agents,1
Immunosuppressive,1
Quinamm,1
Acellular vaccines,1
calcium channel blocking agents,1
Antifungal Agents,1
Mexate,1
sulfur,1
Diasone,1
alfentanyl,1
Permitil,1
Agents with b-blocking properties,1
Primaquine,1
Progesterone,1
vitamin,1
denileukin diftitox,1
Zmax,1
R- warfarin,1
antimuscarinics,1
Zaleplon,1
ipratropium bromide,1
Cuprimine,1
anisindione,1
Bismuth subsalicylate,1
rifamycin,1
tadalafil,1
activated prothrombin complex concentrates,1
Sulfoxone,1
sodium citrate,1
sumatriptan succinate,1
sertindole,1
nalbuphine,1
iodine-containing compounds,1
Butyrophenones,1
Uricosuric drugs,1
Tindal,1
Flecainide,1
guafacine,1
Sandimmune,1
Vasodilators,1
chlorambucil,1
Enoxaparin,1
halogenated hydrocarbon general anesthetics,1
Cytotoxic Agents,1
Antiepileptic drugs,1
Flucytosine,1
Diphenhydramine hydrochloride,1
contraceptive agents,1
Nicotinic Acid,1
trazodone,1
Iodinated Contrast Media,1
quinolone anti-infectives,1
Cytadren,1
silver,1
ZOLADEX,1
PROPECIA,1
Antacid Products,1
opiate analgesics,1
Trexan,1
Urinary acidifying agents,1
Advil,1
CNS stimulants,1
Thyroid,1
metaclopramide,1
Doxylamine,1
alkalinizing agents,1
Short-Acting beta2-agonists,1
medroxyprogesterone,1
TAO,1
H 2 receptor antagonists,1
Methylprednisolone,1
b-blocking drug,1
antiparkinson drugs,1
ethoxzolamide,1
Fenfluramine,1
b-adrenergic blocking agents,1
Antiminth,1
rifapentine,1
Alpha-agonists,1
Levosimendan,1
BOTOX,1
streptomycin,1
NON-NARCOTIC ANALGESICS,1
myocardial depressants,1
Carboplatin,1
AKINETON,1
therapeutic monoclonal antibodies,1
Astemizole,1
Motrin,1
hydroflumethiazide,1
Tubocurarine,1
Pyrantel,1
Geocillin,1
H1 blockers,1
phenacemide,1
atracurium,1
norethandrolone,1
clidinium,1
Prostigmin,1
D-penicillamine,1
Lanoxicaps,1
Cisplatin,1
5-HT1B/1D agonists,1
ginkgo,1
cromolyn sodium,1
Dihydropyridine,1
Adrenergic Agents,1
Aranesp,1
Desyrel,1
Platelet inhibitors,1
nefazadone,1
Zarontin,1
SYNAREL,1
Cordarone I.V.,1
bivalirudin,1
docetaxel,1
Heparin sodium,1
Prostin VR Pediatric,1
histamine H2-receptor antagonists,1
Vecuronium,1
short-acting benzodiazepines,1
cefamandole,1
antigout drugs,1
Topamax,1
Hydrodiuril,1
conivaptan,1
vasoconstrictor drugs,1
OVCON-35,1
Prednisone,1
trifluoperazine,1
Pediapred,1
ardeparin,1
non-steroidal anti-inflammatory,1
Solganal,1
calcium-blocking agents,1
Trecator-SC,1
Somatrem,1
Edetate calcium disodium,1
Entacapone,1
receptor,1
Beta-adrenergic blocking drugs,1
nonsteroidal anti inflammatory drug,1
Dopamine Antagonists,1
5-DFCR,1
DHA,1
Curariform muscle relaxants,1
guanadrel,1
latamoxef,1
cephalothin sodium,1
(S)-warfarin,1
Antidiabetic drug,1
anticholinergic medications,1
droperidol,1
KEMSTROTM,1
Salicylic acid,1
Phenurone,1
central nervous system stimulants,1
methandrostenolone,1
papaverine,1
chemotherapeutic agents,1
Non-selective MAO inhibitors,1
muromonab-CD3,1
sulfonylurea agent,1
antibacterial,1
Indocin,1
Cyanokit,1
famciclovir,1
beta adrenergic-blocking agents,1
Tilade,1
Lamprene,1
Fosinopril,1
thyroxin,1
adrenergic agents,1
fibrate drugs,1
beta-agonist,1
hypotensive drugs,1
beta-lactam antibiotics,1
Penthrane,1
androgen,1
anti-hypertensives,1
Dapsone,1
Magan,1
thioxanthenes,1
Somatropin,1
Anesthetic,1
Pletal,1
Piperacillin sodium,1
trazodone hydrochloride,1
IMITREX,1
rauwolfia alkaloid,1
dextropropoxyphene,1
Benzylpenicillin,1
aspirins,1
hypnotic medications,1
non-selective beta-adrenergic-blocking agents,1
sodium cephalothin,1
Selective Serotonin Reuptake Inhibitors,1
Antipsychotic drugs,1
Felodipine,1
etidronate,1
beta2-agonists,1
nitric oxide donor compounds,1
beta2-agonists.,1
dacarbazine,1
esmolol HCl,1
Broad-spectrum antibiotics,1
sedating drugs,1
sotalol,1
thyroxine,1
interleukin,1
nandrolone,1
betablockers,1
candesartan,1
FBAL,1
rosuvastatin,1
Alpha-blockers,1
cefepime,1
polymyxin,1
laxative,1
T.A.,1
norbuprenorphine,1
Gris-PEG,1
dihydrotachysterol,1
Nonsteroidal Antiinflammatory,1
live typhoid vaccines,1
phenothiazines classes of antipsychotic agents,1
antibiotic,1
cefoperazone,1
Systemic corticosteroids,1
CIMETlDINE,1
Ergot Derivatives,1
Depen,1
Lincomycin,1
phenylalkylamine,1
Danazol,1
macrolide class,1
antiretroviral medication,1
Clidinium,1
ganglionic adrenergic blocking drugs,1
Daypro,1
Zofran,1
methoxyflurane,1
potassium- sparing diuretics,1
long-acting benzodiazepines,1
antiarrhythmic drugs,1
magnesium sulfate,1
nondepolarizing agents,1
cholestryramine,1
Glibenclamide,1
potassium-sparing antihypertensives,1
butyrophenone classes of antipsychotic agents,1
sulfonamide drug,1
Etomidate,1
Prednisolone,1
Caspofungin,1
sulfadoxine,1
Nonsteroidal Antiinflammatory Drug,1
Iron Supplements,1
MAXIPIME,1
PERSANTINE,1
antituberculosis drug,1
antidiabetic medication,1
benzocaine,1
enoximone,1
beta-agonist bronchodilator drugs,1
Thyroid preparations,1
Mixed Agonist/Antagonist Opioid Analgesics,1
Olanzapine,1
dihydropyridine calcium antagonists,1
ETHYOL,1
Antihypertensive medications,1
dehydro-aripiprazole,1
niacinamide,1
non- steroidal anti- inflammatory agents,1
Thalidomide,1
Sympathomimetic Agents,1
Amoxicillin,1
doxorubicinol,1
Dimenhydrinate,1
amrinone,1
anti-malarial drugs,1
CYP1A2,1
Chlorprothixene,1
S(-)warfarin,1
Leukocyte transfusions,1
Etretinate,1
anesthesia,1
Quinine,1
ganglion blocking compounds,1
hydroxyzine,1
Aricept,1
rifadin,1
Combination Oral Contraceptives,1
thioxanthene classes of antipsychotic agents,1
Carbamazepine epoxide,1
N-diethyl-m-toluamide,1
Gemzar,1
radiographic iodinated contrast media,1
Promethazine,1
H2-Receptor Antagonists,1
isoniazide,1
mefloquine,1
clobazam,1
amylase,1
teniposide,1
Loop Diuretics,1
hydantoin antiepileptic,1
sodium valproate,1
Antiretroviral Agents,1
diagnostic monoclonal antibodies,1
fludrocortisone acetate,1
Perhexiline hydrogen maleate,1
Bismuth,1
testosterone,1
Septra,1
cefmenoxime,1
calcium channel-blocking drugs,1
Macrolide antibiotics,1
Anadrol,1
hydrochloroquine,1
benazepril,1
potassium depleting diuretics,1
Imipramine,1
Norvir,1
Thrombolytic agents,1
antihistaminics,1
activated charcoal,1
succinimides,1
Bile acid sequestrants,1
Sertraline,1
ziprasidone,1
ATACAND,1
Opiate agonists,1
NARCOTICS,1
Anavar,1
Coumarin-Type Anticoagulants,1
antidiabetic,1
Etonogestrel,1
mitotane,1
coumarin drugs,1
beta2 agonists,1
antibacterial drug,1
Methylxanthines,1
trimeprazine,1
terodiline,1
imidazole drugs,1
immuno-suppressant,1
Apraclonidine,1
antipsychotic medications,1
dextromethorphan hydrobromide,1
palonosetron,1
antipyretics,1
Plaquenil,1
H2 Receptor Antagonists,1
nafarelin acetate,1
alpha-adrenergic stimulants,1
vincristine,1
Coumarin Anticoagulant,1
rifamycins,1
Soliris,1
Prozac,1
histamine,1
benzyl alcohol,1
Nonsteroidal anti-inflammatory drugs,1
darifenacin,1
clofibric acid,1
Cefizox,1
glutamic acid,1
Serentil,1
Cholinesterase Inhibitors,1
anxiolytics,1
Fosinopril sodium,1
Cyclopropane,1
timolol,1
H1-blocking agents,1
quinolone class antimicrobial,1
Sulindac,1
pancreatin,1
pilocarpine,1
levamisole,1
decongestant drugs,1
antipsychotic drug,1
antiarrhythmic drug,1
protamine,1
caspofungin acetate,1
Thyroid hormone,1
Theobromine,1
KEMSTRO,1
coronary vasodilators,1
Ergot alkaloids,1
Benazepril,1
perchlorate,1
anti-coagulants,1
Psychoactive Drugs,1
Atarax,1
Disopyramide,1
beta2-agonist,1
Deltasone,1
a-methyldopa,1
Aralen,1
desmethylastemizole,1
Mesantoin,1
MAO-B inhibitor,1
pure agonist opioid analgesic,1
Pulmozyme,1
Invirase,1
carbamate insecticide,1
anti-infectives,1
adefovir dipivoxil,1
erythrohydrobupropion,1
H2 receptor antagonists,1
tacrine,1
antiemetics,1
fenfluramine,1
vitamin supplements,1
antivirals,1
catecholamine depletors,1
Sildenafil citrate,1
Praziquantel,1
Sympathomimetic amines,1
non-opioid analgesics,1
triazole antifungals,1
Neuroleptic Drugs,1
HMG-CoA reductase inhibitor class,1
triazolobenzodiazepines,1
beta adrenergic antagonists,1
adrenergic drugs,1
maprotiline,1
adrenergic beta-receptor blockers,1
"Antiarrhythmic agents, class I",1
Furoxone,1
Metoprolol,1
Kaletra,1
doxorubicin HCl,1
chlortetracycline,1
Rifamate,1
NTG,1
Antigout medications,1
anticoagulant agents,1
Antiretroviral Drugs,1
furafylline,1
digestive enzyme preparations,1
Trilisate,1
antithyroid drugs,1
HUMORSOL,1
choline salicylate,1
DIDREX,1
auranofin,1
Clindamycin,1
anti-depressants,1
intraconazole,1
REFLUDAN,1
Cefuroxime,1
dexmedetomidine,1
Nondepolarizing Muscle Relaxants,1
central nervous system depressant,1
Fluoroquinolones,1
Macrolide Antibiotics,1
multivalent cations,1
ISUPREL,1
letrozole,1
oxymetazoline,1
antiplatelet medication,1
Acidifying agents,1
beta-receptor agonist drugs,1
peripheral adrenergic blocking drugs,1
Bacteriostatic Antibiotics,1
ERYTHROMYCIN,1
systemic corticosteroids,1
monoamine oxidase inhibiting drugs,1
tizoxanide,1
dopaminergic agents,1
broad-spectrum antibiotics,1
Lithostat,1
nitrite,1
Lopressor,1
clorazepate dipotassium,1
Butalbital,1
Furadantin,1
icodextrin,1
selective MAO inhibitor,1
hydantoin,1
Cetrotide,1
orphenadrine,1
Histamine H2 antagonists,1
cytotoxic agents,1
Acitretin,1
quinupristin,1
prazosin,1
Bumetanide,1
cardioselective beta-blocker,1
Trimethoprim,1
TNFa-blocking agents,1
Caverject,1
abatacept,1
xanthine derivatives,1
5-HT3 antagonists,1
Intestinal adsorbents,1
Netilmicin,1
dinoprost,1
Analgesic,1
5HT3 antagonist class,1
hypoglycemic medications,1
Broad-Spectrum Antibiotics,1
prothrombin complex concentrates,1
simethicone,1
lignocaine,1
diphenylhydantoin,1
Venlafaxine,1
diuretic agents,1
antiglaucoma agents,1
Succinylcholine,1
prednisolone sodium succinate,1
beta-adrenergic receptor blocking agent,1
Anabolin,1
cycloserine,1
clonidine hydrochloride,1
terbinafine,1
platelet aggregation inhibitors,1
Opioid analgesics,1
benzothiadiazines,1
beta-adrenergic antagonists,1
misoprostol,1
meclofenamic acid,1
adrenergic,1
barbituates,1
medroxyprogesterone acetate,1
HYDROXYZINE,1
cytotoxic,1
edetate calcium disodium,1
hydroxylated fenoprofen,1
nonsteroidal antiinflammatories,1
Vasopressor,1
CBZ,1
ergot alkaloid class,1
b-blocking agent,1
REMICADE,1
Tacrolimus,1
anti-arrhythmic agents,1
Crixivan,1
HMG-CoA Reductase inhibitors,1
carbonic anhydrase inhibitor,1
Anti-Migraine,1
Agonist/antagonist analgesics,1
steroid medicine,1
Cytosine arabinoside,1
4-hydroxyatomoxetine,1
BARBITURATES,1
Bisphosphonates,1
TNF-blocking agent,1
Quinolone Antibiotic,1
NORVIR,1
Tolazamide,1
thiazide,1
Lomefloxacin,1
antifungals,1
fluoroquinolones,1
Eldepryl,1
Magnesium-Aluminum Hydroxide,1
alprostadil,1
Iodine,1
prostaglandin synthetase inhibitors,1
6-beta-naltrexol,1
dalfopristin,1
Thiazide drugs,1
ephedrine,1
Sulfapyridine,1
adrenergic neuron blocking agents,1
Anti-HIV Protease Inhibitors,1
short-acting  beta2-agonists,1
Propantheline,1
ProSom,1
Thiazide Diuretics,1
H1 Blockers,1
Oxytocin,1
cortico-steroids,1
Pepto-Bismol,1
Oruvail,1
mesalamine,1
Sectral,1
bortezomib,1
BiCNU,1
charcoal,1
Aluminum,1
mixed agonist/antagonist analgesics,1
infliximab,1
surfactant,1
DILAUDID,1
Phenothiazine-related compounds,1
antibodies,1
sevoflurane,1
Thioridazine,1
Vidaza,1
Gentamicin,1
Antimycobacterial,1
Neuromuscular Blockers,1
Isoproterenol,1
Epirubicin,1
Ascorbic acid,1
lofexidine,1
HIV Antiviral Agents,1
Atazanavir,1
MYOBLOC,1
Cataflam,1
antituberculous drugs,1
sulfisoxazole,1
streptokinase,1
Sodium cephalothin,1
tetracycline class,1
imidazole antifungals,1
glyceryl trinitrate,1
Calan SR,1
anionic exchange resins,1
somatostatin analogs,1
Naprosyn,1
EULEXIN,1
narcotic,1
anion exchange resin,1
bentoquatam,1
tranexamic acid,1
Sulfamethoxazole,1
COUMARIN ANTICOAGULANTS,1
Non-steroidal anti-inflammatory agents,1
cyclic antidepressants,1
Inderal,1
ticlopidine,1
Tiazac,1
pyrantel,1
anabolic hormones,1
prochlorperazine edisylate,1
beta adrenergic blockers,1
butalbital,1
desipramine hydrochloride,1
Ginkgo biloba,1
Resins,1
PROSTIN E2,1
Foscarnet,1
inactivated vaccines,1
candesartan cilexetil,1
Ethotoin,1
beta-blocking,1
paraxanthine,1
acetophenazine,1
clotrimazole,1
propoxyphene hydrochloride,1
Neoral,1
Norfloxacin,1
uricosuric medication,1
Sodium Iodide,1
antiparkinsonian drug,1
Azole Antifungals,1
hydantoins,1
calcium blockers,1
cimetidine 400 mg,1
glutamic acid HCl,1
Thyroid hormones,1
Felbamate,1
Statins,1
dihydropyridine derivative,1
leukocyte transfusions,1
secobarbitone sodium,1
Noncardioselective beta-blockers,1
atropine sulfate,1
Buprenorphine,1
b-Adrenergic Blocking Agents,1
non-selective MAO inhibitor,1
anion-exchange resins,1
drug,1
magnesium salicylate,1
Carmustine,1
Viracept,1
CNS-depressant drug,1
Atomoxetine,1
Nimodipine,1
Keflex,1
sympathomimetic amine,1
adrenergic bronchodilators,1
peripheral vasoconstrictors,1
Amphotericin,1
Gantrisin,1
allopurinol sodium,1
Non-pegylated interferon alfa-2a,1
Kytril,1
beta-adrenergic blocker,1
rocuronium,1
ASA,1
aminocaproic acid,1
Azlocillin,1
cyclosporin A,1
beta-interferon,1
selegiline hydrochloride,1
Mephenytoin,1
Daunorubicin,1
cabergoline,1
VAPRISOL,1
promazine,1
Voltaren,1
Contraceptive,1
anti-hypertensive drug,1
Inhibitors of HMG-CoA reductase,1
Angiotensln Converting Enzyme Inhibitors,1
Disalcid,1
AquaMEPHYTON,1
EACA,1
Benzyl alcohol,1
sulphenazole,1
Nafazodone,1
thrombolytic agents,1
Heparin Sodium,1
mineral oil,1
imipramine hydrochloride,1
anticonvulsant medications,1
Vitamin B3,1
indanedione anticoagulants,1
Levothyroxine Sodium,1
Plicamycin,1
tolazoline,1
(R)-warfarin,1
Telithromycin,1
macrolide products,1
mycophenolate,1
4-hydroxy-estazolam,1
AZA,1
belladonna alkaloids,1
R(+) warfarin,1
COLAZAL,1
calcium-channel-blocking agents,1
Ultram,1
succinylcholine chloride,1
Acebutolol,1
hormonal contraceptive,1
6-MP,1
Serotonergic Agents,1
anticholinergic compounds,1
non- steroidal antiinflammatory agent,1
Central Nervous System Depressants,1
Diazoxide,1
bisphosphonates,1
Diuril,1
Diphenoxylate HCl,1
5-DFUR,1
PROCRIT,1
anti-arrhythmic,1
Ocupress,1
Paclitaxel,1
sildenafil citrate,1
Relafen,1
antithrombin 3,1
calcium carbonate,1
anidulafungin,1
Valdecoxib 10 mg,1
hydroxyitraconazole,1
beta blocking agents,1
Sulfonylureas,1
Lovenox,1
Doxepin,1
Benzthiazide,1
cefuroxime,1
Cholestytamine,1
Fibric Acid Derivatives,1
physostigmine,1
chloroprocaine,1
dopamine agonist,1
Delavirdine,1
somatrem,1
anti-ulcer,1
antiretroviral medications,1
Xanax,1
Depakene,1
beta-adrenergic blocking agent,1
Norpace CR,1
sodium colistimethate,1
Codeine,1
Imidazoles,1
antianxiety drugs,1
5-oxo-desethylzaleplon glucuronide,1
L-lysine,1
tetracyclic antidepressants,1
Dexfenfluramine,1
aluminum/magnesium hydroxide antacids,1
stanozolol,1
thiazolesulfone,1
NSAIDS,1
bile acid sequestrants,1
Propanolol,1
glycosides,1
flutamide,1
DOSTINEX,1
"carbamazepine 10,11-epoxide",1
Atovaquone,1
Fortovase,1
Dantrolene,1
Tenormin,1
triacetyloleandomycin,1
mechlorethamine,1
Nefazodone,1
cis-platinum,1
magnesium/choline salicylate,1
isotretinoin,1
T3,1
clozapine N-oxide,1
Astramorph,1
low molecular weight heparins,1
Quinidex,1
pancuronium,1
AMERGE,1
formoterol fumarate,1
cefixime,1
antithyroid agents,1
iron supplements,1
Dexrazoxane,1
Urinary acidifying,1
diethylstilbestrol,1
Isoproterenol hydrochloride,1
Sodium Pertechnetate Tc99m,1
benzothiazepine,1
